name,description,age,created_in,cost,build_time,reload_time,attack_delay,movement_rate,line_of_sight,hit_points,min_range,max_range,attack,melee_armor,ranged_armor,attack_bonus,armor_bonus,special,search_radius,accuracy,blast_radius,image,type,armor_class,expansion
Alfred the Alpaca,Cheat unit.,Dark,Town Center,,0,2,0,1,6,140,0,0,120,20,20,,,,-1,100,1,alfred-the-alpaca,Cheat,None,Age of Empires II HD: The Forgotten
Amazon Archer,Fast-moving archer. Strong vs. infantry. Weak vs. cavalry.,Dark,Archery Range,,16,1.9,0,1.1,6,45,0,4,5,0,1,,,,-1,80,0,amazon-archer,Unbuildable,Archer,Age of Empires II HD: The Forgotten
Amazon Warrior,Fast-moving infantry unit. Strong vs. buildings and siege weapons. Weak vs. archers and cavalry. ,Dark,Barracks,,20,2,0,1.1,3,45,0,0,8,0,0,,,,-1,100,0,amazon-warrior,Unbuildable,Infantry,Age of Empires II HD: The Forgotten
Arambai,Burmese unique cavalry archer with a powerful but inaccurate dart attack. Strong vs. infantry and cavalry. Weak vs. archers.,Castle,Castle,"{""Wood"": 75,""Gold"": 60}",21,2,0,1.3,7,60,0,5,12,0,1,,,Missed projectiles deal 100% damage too,7,20,0,arambai,Military,Archer;Cavalry Archer;Cavalry;Unique Unit,Age of Empires II HD: Rise of the Rajas
Arbalester,"Ranged unit. Strong vs. units at long range. Weak vs. Elite Skirmishers, Onagers, and units at close range.",Imperial,Archery Range,"{""Wood"": 25,""Gold"": 45}",27,2,0.35,0.96,7,40,0,5,6,0,0,"[{""amount"": 3, ""against"": ""Spearmen""}]",,,7,90,0,arbalester,Military,Archer,Age of Kings
Archer,Ranged unit. Strong vs. units at long range. Weak vs. Skirmishers and units at close range.,Feudal,Archery Range,"{""Wood"": 25,""Gold"": 45}",35,2,0.35,0.96,6,30,0,4,4,0,0,,,,6,80,0,archer,Military,Archer,Age of Kings
Armored Elephant,A mounted siege unit with high HP.,Castle,Siege Workshop,"{""Food"": 120,""Gold"": 95}",36,3,0,0.6,4,180,0,0,4,-2,140,"[{""amount"": 75, ""against"": ""Buildings""}, {""amount"": 25, ""against"": ""Siege Weapons""}]","[{""amount"": 7, ""against"": ""Cavalry""}, {""amount"": 17, ""against"": ""War Elephant""}]",Cannot be converted from distance,4,100,0,armored-elephant,Military,Cavalry;War Elephant;Siege Weapon;Ram,Dynasties of India
Bactrian Camel,Unbuildable scout unit.,Dark,N/A,,N/A,0,0,1.2,4,50,0,0,0,0,0,,,,-1,100,0,bactrian-camel,Unbuildable,Cavalry,The Last Khans
Ballista Elephant,Khmer unique elephant equipped with a Scorpion. Can destroy trees. Strong vs. infantry and archers. Weak vs. cavalry and siege weapons.,Castle,Castle,"{""Food"": 100,""Gold"": 80}",25,2.5,0,0.8,7,250,0,5,8,0,3,,,,6,100,0,ballista-elephant,Military,Cavalry;War Elephant;Siege Weapon;Unique Unit;Hussite Wagon,Definitive Edition
Battering Ram,Anti-building siege weapon. Resistant to most ranged attacks. Garrisoned infantry increase speed and attack.,Castle,Siege Workshop,"{""Wood"": 160,""Gold"": 75}",36,5,0,0.6,3,175,0,0,2,0,180,"[{""amount"": 125, ""against"": ""Buildings""}, {""amount"": 40, ""against"": ""Siege""}]","[{""amount"": -3, ""against"": ""Melee""}]",Can garrison 6 units. Each unit increases speed and damage.,3,100,0,battering-ram,Military,Siege Weapon;Ram,Age of Kings
Battle Elephant,"Slow and heavy cavalry. Strong vs. cavalry, infantry, and archers. Weak vs. Monks and Pikemen.",Castle,Stable,"{""Food"": 110,""Gold"": 70}",24,2,0,0.88,7,250,0,0,12,1,2,,,,4,100,0.4,battle-elephant,Military,Cavalry;War Elephant,Definitive Edition
Berserk,Viking unique infantry unit that slowly heals itself. Strong vs. infantry and siege weapons. Weak vs. archers.,Castle,Castle,"{""Food"": 65,""Gold"": 25}",16,2,0,1.05,3,54,0,0,9,0,1,"[{""amount"": 2, ""against"": ""Eagles""}, {""amount"": 2, ""against"": ""Buildings""}]",,,3,100,0,berserk,Military,Infantry;Unique Unit,Age of Kings
Bombard Cannon,Siege weapon with long range. Strong vs. buildings and siege weapons. Weak vs. melee units.,Imperial,Siege Workshop,"{""Wood"": 225,""Gold"": 225}",56,6.5,0.21,0.7,14,80,5,12,40,2,5,"[{""amount"": 200, ""against"": ""Buildings""}, {""amount"": 40, ""against"": ""Camels""}, {""amount"": 40, ""against"": ""Siege""}, {""amount"": 40, ""against"": ""Stone Defenses""}]",,,14,92,0.5,bombard-cannon,Military,Siege Weapon;Gunpowder Unit,Age of Kings
Boyar,"Powerful all-purpose cavalry. Strong vs. infantry and archers. Weak vs. Halberdiers, Heavy Camel Riders, and Monks.",Castle,Castle,"{""Food"": 60,""Gold"": 70}",15,1.9,0,1.4,5,100,0,0,12,4,1,,,,4,100,0,boyar,Military,Cavalry;Unique Unit,Age of Empires II HD: The Forgotten
Camel,Gaia unit.,N/A,N/A,,N/A,0,0,1.2,2,50,0,0,0,0,0,,,,1,0,0,camel,Gaia,None,Age of Kings
Camel Archer,"Berber unique mounted archer. Strong vs. Cavalry Archers and infantry. Weak vs. Pikemen, Skirmishers, and Camel Riders.",Castle,Castle,"{""Wood"": 50,""Gold"": 60}",25,2,0,1.4,5,55,0,4,7,0,1,"[{""amount"": 4, ""against"": ""Cavalry Archer""}]",,,5,95,0,camel-archer,Military,Archer;Cavalry Archer;Camel;Unique Unit,Age of Empires II HD: The African Kingdoms
Camel Rider,"Fast anti-cavalry unit. Strong vs. cavalry. Weak vs. Spearmen, Monks, and archers. (not classified as cavalry)",Castle,Stable,"{""Food"": 55,""Gold"": 60}",22,2,0,1.45,4,100,0,0,6,0,0,"[{""amount"": 10, ""against"": ""Cavalry""}, {""amount"": 5, ""against"": ""Ships""}, {""amount"": 7, ""against"": ""Camels""}]",,,4,100,0,camel-rider,Military,Camel,Age of Kings
Cannon Galleon,"Anti-building siege warship with long range, but cannot attack enemies at close range. Strong vs. buildings. Weak vs. other units.",Imperial,Dock,"{""Wood"": 200,""Gold"": 150}",46,10,0,1.1,15,120,3,13,50,0,6,"[{""amount"": 200, ""against"": ""Buildings""}, {""amount"": 25, ""against"": ""Siege""}]",,,15,100,0.25,cannon-galleon,Navy,Ship;Gunpowder Unit,Age of Kings
Canoe,Small fast-moving boat that fires multiple arrows. Strong vs. land units and buildings.,N/A,N/A,,N/A,3,0,1.5,8,70,0,5,7,0,6,,,,8,100,0,canoe,Unbuildable,None,Age of Empires II HD: The Forgotten
Capped Ram,Anti-building siege weapon. Resistant to most ranged attacks. Garrisoned infantry increase speed and attack.,Imperial,Siege Workshop,"{""Wood"": 160,""Gold"": 75}",36,5,0,0.6,3,200,0,0,3,0,190,"[{""amount"": 150, ""against"": ""Buildings""}, {""amount"": 50, ""against"": ""Siege""}]","[{""amount"": -3, ""against"": ""Melee""}, {""amount"": 1, ""against"": ""Ram""}]",Can garrison 6 units. Each unit increases speed and damage.,3,100,1.5,capped-ram,Military,Siege Weapon;Ram,Age of Kings
Caravel,Portuguese unique ship that fires bolts that pierce multiple units. Strong vs. large groups of ships. Weak vs. Fire Ships.,Castle,Dock,"{""Wood"": 90,""Gold"": 34}",36,3,0,1.43,9,130,0,6,6,0,8,,,,9,100,0,caravel,Navy,Ship;Unique Unit,Age of Empires II HD: The African Kingdoms
Cataphract,Byzantine unique cavalry unit. Strong vs. infantry. Weak vs. archers.,Castle,Castle,"{""Food"": 70,""Gold"": 75}",20,1.8,0,1.35,4,110,0,0,9,2,1,"[{""amount"": 9, ""against"": ""Infantry""}]","[{""amount"": 12, ""against"": ""Cavalry""}]",,4,100,0,cataphract,Military,Cavalry;Unique Unit,Age of Kings
Cavalier,"Powerful all-purpose cavalry. Strong vs. infantry and archers. Weak vs. Pikemen, Camel Riders, and Monks.",Imperial,Stable,"{""Food"": 60,""Gold"": 75}",30,1.8,0,1.35,4,120,0,0,12,2,2,,,,4,100,0,cavalier,Military,Cavalry,Age of Kings
Cavalry Archer,Mounted archer. Strong vs. slow units at long range. Weak vs. Elite Skirmishers and units at close range.,Castle,Archery Range,"{""Wood"": 40,""Gold"": 70}",34,2,1,1.4,5,50,0,4,6,0,0,"[{""amount"": 2, ""against"": ""Spearmen""}]",,,6,50,0,cavalry-archer,Military,Archer;Cavalry Archer;Cavalry,Age of Kings
Centurion,"Roman Unique Cavalry Unit, trained at Castle. Increases movement speed by 10% (15% Elite) and attack speed by 25% (33% Elite) of Militia-line units in 10 (12 Elite) tile radius. The effect does not stack for multiple Centurions.",Castle,Castle,"{""Food"": 75,""Gold"": 85}",24,1.9,0,1.35,4,110,0,0,13,2,3,,,Emits an aura that increases movement and attack speed of nearby Militia line units by 20%,5,100,0,centurion,Military,Cavalry;Unique Unit,Return to Rome
Chakram Thrower,Gurjara unique infantry unit with ranged melee attack that passes through enemies for 100% damage. Strong vs. infantry. Weak vs. archers and siege weapons. ,Castle,Castle,"{""Food"": 65,""Gold"": 30}",15,2,0.8,1.15,7,40,0,5,3,1,0,"[{""amount"": 1, ""against"": ""Eagle Warrior""}, {""amount"": 1, ""against"": ""Standard Buildings""}]",,Has 100% pass-through damage in 0.2 tiles width,-1,100,0,chakram-thrower,Military,Infantry;Unique Unit,Dynasties of India
Champion,All-purpose infantry unit. Strong vs. buildings and infantry. Weak vs. archers at long range.,Imperial,Barracks,"{""Food"": 60,""Gold"": 20}",21,2,0,0.9,5,70,0,0,13,1,1,"[{""amount"": 6, ""against"": ""Eagles""}, {""amount"": 3, ""against"": ""Buildings""}]",,,5,100,0,champion,Military,Infantry,Age of Kings
Chu Ko Nu,Chinese unique archer with rapid-fire attack. Strong vs. infantry. Weak vs. archers and siege weapons.,Castle,Castle,"{""Wood"": 40,""Gold"": 35}",19,3,0.21,0.96,6,45,0,4,8,0,0,"[{""amount"": 2, ""against"": ""Spearmen""}]",,,6,85,0,chukonu,Military,Archer,Age of Kings
Cobra Car,Cheat unit.,N/A,N/A,,N/A,0.25,0,4.5,12,500,0,10,10,10,10,,,,12,100,1,cobra-car,Cheat,Siege Weapon,Age of Kings
Composite Bowman,The Composite Bowman is a foot archer with an attack which ignores the pierce armor of all land units except siege units.,Castle,Castle,"{""Wood"": 35,""Gold"": 45}",12,2,0.5,0.96,7,40,0,4,4,1,0,"[{""amount"": 2, ""against"": ""Spearmen""}]",,Attacks ignore pierce armor of non-siege land units,-1,100,0,composite-bowman,Military,Archer;Unique Unit,The Mountain Royals
Condottiero,Japanese unique infantry unit with fast attack. Strong vs. unique units and infantry. Weak vs. archers.,Imperial,Barracks,"{""Food"": 50,""Gold"": 35}",18,1.9,0,1.2,6,80,0,0,9,1,0,,,,6,100,0,condottiero,Military,Infantry;Unique Unit;Condottiero,Age of Empires II HD: The Forgotten
Conquistador,"Spanish unique mounted hand cannoneer. Strong vs. infantry. Weak vs. Pikemen, Skirmishers, and Monks.",Castle,Castle,"{""Food"": 60,""Gold"": 70}",24,2.9,0.4,1.3,8,55,0,6,16,2,1,"[{""amount"": 4, ""against"": ""Rams""}]",,,8,65,0,conquistador,Military,Archer;Cavalry Archer;Cavalry;Gunpowder Unit;Unique Unit,Age of Kings
Coustillier,Burgundian unique cavalry unit which can charge its attack. Strong vs. infantry and archers. Weak vs. Camel Riders and Monks.,Castle,Castle,"{""Food"": 55,""Gold"": 55}",15,1.9,0,1.35,5,115,0,0,8,2,2,,,"Charges its attack over 40 seconds, dealing +20 (+25 Elite) damage on the first enemy unit attacked",-1,100,0,coustillier,Military,Cavalry;Unique Unit,Lords of the West
Cow,Gaia unit.,N/A,N/A,,N/A,0,0,0.65,3,14,0,0,0,0,0,,,Provides 150 food,4,0,0,cow,Gaia,None,Age of Kings
Crocodile,Gaia unit.,N/A,N/A,,N/A,2,0,0.7,12,25,0,0,3,0,0,,,Provides 100 food,12,100,0,crocodile,Gaia,None,Age of Kings
Crossbowman,"Ranged unit. Strong vs. units at long range. Weak vs. Elite Skirmishers, Mangonels, and units at close range.",Castle,Archery Range,"{""Wood"": 25,""Gold"": 45}",27,2,0.35,0.96,7,35,0,5,5,0,0,"[{""amount"": 3, ""against"": ""Spearmen""}]",,,7,85,0,crossbowman,Military,Archer,Age of Kings
Crusader Knight,Powerful all-purpose cavalry. Strong vs. melee and slow ranged units. Weak vs. Halberdiers. Cannot be converted by enemy Monks.,Castle,Stable,"{""Food"": 80,""Gold"": 50}",30,2,0,1.2,5,100,0,0,18,4,4,,,,-1,100,0,crusader-knight,Unbuildable,Cavalry,Dawn of the Dukes
Deer,Wild deers running around,N/A,N/A,,0,0,0,0.737,2,5,0,0,0,0,0,,,Provides 140 food,0,100,0,deer,Gaia,None,Age of Kings
Demolition Raft,Demolition ship armed with explosives. Strong vs. Fire Galleys and buildings. Self-destructs when used.,Feudal,Dock,"{""Wood"": 70,""Gold"": 50}",45,5,0,1.5,6,45,0,0,90,0,2,,,,6,100,2.5,demolition-raft,Navy,Ship,Age of Empires II HD: The African Kingdoms
Demolition Ship,Demolition ship armed with explosives. Strong vs. Fire Ships and buildings. Self-destructs when used.,Castle,Dock,"{""Wood"": 70,""Gold"": 50}",31,5,0,1.6,6,60,0,0,110,0,3,"[{""amount"": 220, ""against"": ""Buildings""}]","[{""amount"": 3, ""against"": ""Camel""}, {""amount"": 3, ""against"": ""Ships""}]",,6,100,3,demolition-ship,Navy,Ship,Age of Kings
Donkey,Gaia unit.,N/A,N/A,,N/A,0,0,0.7,6,70,0,0,0,0,0,,,,6,0,0,donkey,Gaia,None,Age of Kings
Dragon Ship,Warship that spews fire at close range. Strong vs. War Galleys. Weak vs. Demolition Ships,N/A,N/A,,N/A,0.25,0,1.4,6,150,0,3,4,2,8,,,,6,100,0,dragon-ship,Unbuildable,Ship,Age of Empires II HD: The Forgotten
Dromon,"Anti-building siege warship with long range and area of effect attack, but cannot attack enemies at close range. Effective vs. buildings and large groups of units",Imperial,Dock,"{""Wood"": 175,""Gold"": 150}",50,8,0,1.2,14,125,3,12,50,1,6,"[{""amount"": 135, ""against"": ""Building""}, {""amount"": 30, ""against"": ""Siege Weapon""}]",,Can attack ground & fires 4 additional projectiles doing 1 damage each,12,100,0.8,dromon,Navy,Ship,Return to Rome
Eagle Scout,Fast infantry for scouting and raiding. Resistant to conversion. Strong vs. Monks and archers. Weak vs. Men-at-Arms and cavalry.,Feudal,Barracks,"{""Food"": 25,""Gold"": 50}",35,2,0,1.1,5,50,0,0,4,0,2,,,,5,100,0,eagle-scout,Military,Infantry;Eagle Warrior,Age of Empires II HD: The Forgotten
Eagle Warrior,Fast infantry for scouting and raiding. Resistant to conversion. Strong vs. Monks and archers. Weak vs. Long Swordsmen and cavalry.,Dark,Barracks,"{""Food"": 25,""Gold"": 50}",0,2,0,1.15,6,55,0,0,7,0,3,"[{""amount"": 8, ""against"": ""Monks""}, {""amount"": 3, ""against"": ""Siege""}]",,,6,100,0,eagle-warrior,Military,Infantry;Eagle Warrior,The Conquerors
Eastern Swordsman,All-purpose infantry unit. Strong vs. buildings and infantry. Weak vs. archers at long range.,N/A,N/A,,N/A,2,0,0.9,4,60,0,0,9,0,1,,,,4,100,0,eastern-swordsman,Unbuildable,Infantry,Age of Empires II HD: The Forgotten
Elephant,Gaia unit.,N/A,N/A,,N/A,2,0,0.8,4,75,0,0,7,0,0,,,Provides 300 food,4,100,0,elephant,Gaia,None,Age of Kings
Elephant Archer,"Slow, high HP cavalry archer. Strong vs most ranged units. Weak vs skirmishers, camels, pikemen, monks. ",Castle,Archery Range,"{""Food"": 80,""Gold"": 70}",34,2,0.4,0.9,7,230,0,4,6,0,2,,,,-1,70,0,elephant-archer,Military,Cavalry Archer;Archer;Cavalry;War Elephant,Dynasties of India
Elite Arambai,Burmese unique cavalry archer with a powerful but inaccurate dart attack. Strong vs. infantry and cavalry. Weak vs. archers.,Imperial,Castle,"{""Wood"": 75,""Gold"": 60}",21,2,0.15,1.3,7,65,0,5,14,0,2,,,Missed projectiles deal 100% damage too,7,30,0,arambai,Military,Archer;Cavalry Archer;Cavalry;Unique Unit,Age of Empires II HD: Rise of the Rajas
Elite Ballista Elephant,Khmer unique elephant equipped with a Scorpion. Can destroy trees. Strong vs. infantry and archers. Weak vs. cavalry and siege weapons.,Imperial,Castle,"{""Food"": 100,""Gold"": 80}",25,2.5,0,0.8,7,290,0,5,9,0,3,,,,6,100,0,ballista-elephant,Military,Cavalry;War Elephant;Siege Weapon;Unique Unit;Hussite Wagon,Definitive Edition
Elite Battle Elephant,"Slow and heavy cavalry. Strong vs. cavalry, infantry, and archers. Weak vs. Monks and Pikemen.",Imperial,Stable,"{""Food"": 110,""Gold"": 70}",24,2,0,0.88,8,300,0,0,14,1,3,,,,4,100,0.4,elite-battle-elephant,Military,Cavalry;War Elephant,Definitive Edition
Elite Berserk,Viking unique infantry unit that slowly heals itself. Strong vs. infantry and siege weapons. Weak vs. archers.,Imperial,Castle,"{""Food"": 65,""Gold"": 25}",16,2,0,1.05,5,62,0,0,14,2,1,"[{""amount"": 3, ""against"": ""Eagles""}, {""amount"": 3, ""against"": ""Buildings""}]",,Heals itself for 40 HP per minute,3,100,0,berserk,Military,Infantry;Unique Unit,Age of Kings
Elite Boyar,"Powerful all-purpose cavalry. Strong vs. infantry and archers. Weak vs. Halberdiers, Heavy Camel Riders, and Monks.",Imperial,Castle,"{""Food"": 50,""Gold"": 80}",15,1.9,0,1.4,5,130,0,0,14,6,2,,,,4,100,0,boyar,Military,Cavalry;Unique Unit,Age of Empires II HD: The Forgotten
Elite Camel Archer,"Berber unique mounted archer. Strong vs. Cavalry Archers and infantry. Weak vs. Pikemen, Skirmishers, and Camel Riders.",Imperial,Castle,"{""Wood"": 50,""Gold"": 60}",25,2,0,1.4,5,60,0,4,8,1,1,"[{""amount"": 6, ""against"": ""Cavalry Archer""}]",,,5,95,0,camel-archer,Military,Archer;Cavalry Archer;Camel;Unique Unit,Age of Empires II HD: The African Kingdoms
Elite Cannon Galleon,"Anti-building siege warship with long range, but cannot attack enemies at close range. Strong vs. buildings. Weak vs. other units.",Imperial,Dock,"{""Wood"": 200,""Gold"": 150}",46,10,0,1.1,17,150,3,15,60,0,8,"[{""amount"": 200, ""against"": ""Buildings""}, {""amount"": 25, ""against"": ""Siege""}]",,,17,100,0.3,cannon-galleon,Military,Ship;Gunpowder Unit,Age of Kings
Elite Caravel,Portuguese unique ship that fires bolts that pierce multiple units. Strong vs. large groups of ships. Weak vs. Fire Ships.,Imperial,Dock,"{""Wood"": 90,""Gold"": 34}",36,3,0,1.43,9,150,0,6,8,0,8,,,,9,100,0,caravel,Navy,Ship;Unique Unit,Age of Empires II HD: The African Kingdoms
Elite Cataphract,Byzantine unique cavalry unit. Strong vs. infantry. Weak vs. archers.,Imperial,Castle,"{""Food"": 70,""Gold"": 75}",20,1.7,0,1.35,5,150,0,0,12,2,1,"[{""amount"": 12, ""against"": ""Infantry""}]","[{""amount"": 16, ""against"": ""Cavalry""}]",,4,100,0,cataphract,Military,Cavalry;Unique Unit,Age of Kings
Elite Centurion,"Roman Unique Cavalry Unit, trained at Castle. Increases movement speed by 10% (15% Elite) and attack speed by 25% (33% Elite) of Militia-line units in 10 (12 Elite) tile radius. The effect does not stack for multiple Centurions.",Imperial,Castle,"{""Food"": 75,""Gold"": 85}",24,1.9,0,1.35,4,155,0,0,15,3,3,,,Emits an aura that increases movement and attack speed of nearby Militia line units by 20%,5,100,0,centurion,Military,Cavalry;Unique Unit,Return to Rome
Elite Chakram Thrower,Gurjara unique infantry unit with ranged melee attack that passes through enemies for 100% damage. Strong vs. infantry. Weak vs. archers and siege weapons. ,Imperial,Castle,"{""Food"": 65,""Gold"": 30}",15,2,0.8,1.15,8,50,0,6,4,1,0,"[{""amount"": 2, ""against"": ""Eagle Warrior""}, {""amount"": 2, ""against"": ""Standard Buildings""}, {""amount"": 1, ""against"": ""Infantry""}]",,Has 100% pass-through damage in 0.2 tiles width,-1,100,0,chakram-thrower,Military,Infantry;Unique Unit,Dynasties of India
Elite Chu Ko Nu,Chinese unique archer with rapid-fire attack. Strong vs. infantry. Weak vs. archers and siege weapons.,Imperial,Castle,"{""Wood"": 40,""Gold"": 35}",13,3,0.21,0.96,6,50,0,4,8,0,0,"[{""amount"": 2, ""against"": ""Spearmen""}]",,,6,85,0,chukonu,Military,Archer,Age of Kings
Elite Composite Bowman,The Composite Bowman is a foot archer with an attack which ignores the pierce armor of all land units except siege units.,Imperial,Castle,"{""Wood"": 35,""Gold"": 45}",10,2,0.5,0.96,7,45,0,4,4,2,0,"[{""amount"": 2, ""against"": ""Spearmen""}]",,Attacks ignore pierce armor of non-siege land units,-1,100,0,composite-bowman,Military,Archer;Unique Unit,The Mountain Royals
Elite Conquistador,"Spanish unique mounted hand cannoneer. Strong vs. infantry. Weak vs. Pikemen, Skirmishers, and Monks.",Imperial,Castle,"{""Food"": 60,""Gold"": 70}",24,2.9,0.4,1.3,9,70,0,6,18,2,2,"[{""amount"": 6, ""against"": ""Rams""}, {""amount"": 2, ""against"": ""Buildings""}]",,,9,70,0,conquistador,Military,Archer;Cavalry Archer;Cavalry;Gunpowder Unit;Unique Unit,Age of Kings
Elite Coustillier,Burgundian unique cavalry unit which can charge its attack. Strong vs. infantry and archers. Weak vs. Camel Riders and Monks.,Imperial,Castle,"{""Food"": 55,""Gold"": 55}",14,1.9,0,1.35,5,145,0,0,11,2,2,,,"Charges its attack over 40 seconds, dealing +20 (+25 Elite) damage on the first enemy unit attacked",-1,100,0,coustillier,Military,Cavalry;Unique Unit,Lords of the West
Elite Eagle Warrior,Fast infantry for scouting and raiding. Resistant to conversion. Strong vs. Monks and archers. Weak vs. Long Swordsmen and cavalry.,Imperial,Barracks,"{""Food"": 25,""Gold"": 50}",20,2,0,1.3,6,60,0,0,9,0,4,"[{""amount"": 10, ""against"": ""Monks""}, {""amount"": 5, ""against"": ""Siege""}, {""amount"": 4, ""against"": ""Cavalry""}, {""amount"": 2, ""against"": ""Ship""}, {""amount"": 2, ""against"": ""Camel""}]",,,6,100,0,eagle-warrior,Military,Infantry;Eagle Warrior,The Conquerors
Elite Elephant Archer,"Slow, high HP cavalry archer. Strong vs most ranged units. Weak vs skirmishers, camels, pikemen, monks. ",Imperial,Archery Range,"{""Food"": 80,""Gold"": 70}",32,2,0.4,0.9,7,280,0,4,7,0,2,,,,-1,85,0,elite-elephant-archer,Military,Cavalry Archer;Archer;Cavalry;War Elephant,Dynasties of India
Elite Gbeto,Malian unique infantry unit with ranged melee attack. Fast-moving. Strong vs. infantry. Weak vs. archers and siege weapons.,Imperial,Castle,"{""Food"": 50,""Gold"": 40}",17,2,0,1.25,7,50,0,6,13,0,0,,,,7,100,0,gbeto,Military,Infantry;Unique Unit,Age of Kings
Elite Genitour,Mounted skirmisher. Strong vs. archers. Weak vs. units at close range. Trainable by Berbers and their allies.,Imperial,Archery Range,"{""Food"": 50,""Wood"": 35}",25,3,0,1.35,6,55,1,4,4,0,4,"[{""amount"": 5, ""against"": ""Archer""}, {""amount"": 2, ""against"": ""Cavalry Archer""}, {""amount"": 3, ""against"": ""Spearmen""}]",,,6,90,0,genitour,Military,Archer;Cavalry Archer;Cavalry;Unique Unit,Definitive Edition
Elite Genoese Crossbowman,Italian unique unit. Foot archer with an attack bonus against cavalry.,Imperial,Castle,"{""Wood"": 45,""Gold"": 45}",11,2,0.4,0.96,8,50,0,4,6,1,0,"[{""amount"": 6, ""against"": ""Camel""}, {""amount"": 7, ""against"": ""Cavalry""}, {""amount"": 5, ""against"": ""Fishing Ships""}, {""amount"": 5, ""against"": ""Ships""}, {""amount"": 7, ""against"": ""War Elephant""}]",,,6,100,0,genoese-crossbowman,Military,Archer;Unique Unit,The Forgotten
Elite Ghulam,Fast infantry with high pierce armor. Thrusts its spear through multiple targets dealing 50% damage to units 1 tile behind the target,Imperial,Castle,"{""Food"": 30,""Gold"": 45}",12,2,0,1.2,6,70,0,0,11,0,6,"[{""amount"": 6, ""against"": ""Archers""}, {""amount"": 2, ""against"": ""Eagle Warrior""}, {""amount"": 2, ""against"": ""Standard Buildings""}]",,Attacks damage up to 1 additional unit behind the target within 1 tile range for 50% of attack damage,-1,100,1,ghulam,Military,Infantry;Unique Unit,Dynasties of India
Elite Huskarl,Gothic unique infantry unit with high pierce armor. Strong vs. archers and buildings. Weak vs. cavalry.,Imperial,Castle,"{""Food"": 52,""Gold"": 26}",16,2,0,1.05,5,70,0,0,12,0,8,"[{""amount"": 10, ""against"": ""Archers""}, {""amount"": 3, ""against"": ""Buildings""}, {""amount"": 3, ""against"": ""Eagles""}, {""amount"": 10, ""against"": ""Hand Cannoneers""}]",,,3,100,0,huskarl,Military,Infantry;Unique Unit,Age of Kings
Elite Hussite Wagon,Bohemian unique siege unit. Units behind it receive 50% less damage from incoming projectiles. Strong vs. archers. Weak vs. siege weapons.,Imperial,Castle,"{""Wood"": 110,""Gold"": 70}",21,3.45,0.93,0.8,8,250,0,6,20,1,10,"[{""amount"": 3, ""against"": ""Rams""}, {""amount"": 2, ""against"": ""Buildings""}]",,,-1,90,0,hussite-wagon,Military,Siege Weapon;Gunpowder Unit;Unique Unit;Hussite Wagon,Dawn of the Dukes
Elite Jaguar Warrior,Aztec unique infantry unit. Strong vs. infantry. Weak vs. cavalry and archers.,Imperial,Castle,"{""Food"": 60,""Gold"": 30}",17,2,0,1,5,75,0,0,12,2,2,"[{""amount"": 12, ""against"": ""Eagles""}, {""amount"": 2, ""against"": ""Buildings""}, {""amount"": 10, ""against"": ""Infantry""}]",,,5,100,0,jaguar-warrior,Military,Infantry;Unique Unit,The Conquerors
Elite Janissary,Turkish unique hand cannoneer with longer range and no minimum range. Strong vs. infantry. Weak vs. archers.,Imperial,Castle,"{""Food"": 60,""Gold"": 55}",17,3.45,0,0.96,10,40,0,8,22,2,0,"[{""amount"": 3, ""against"": ""Rams""}]",,,10,50,0,janissary,Military,Archer;Gunpowder Unit;Unique Unit,Age of Kings
Elite Kamayuk,Japanese unique infantry unit with fast attack. Strong vs. unique units and infantry. Weak vs. archers.,Imperial,Castle,"{""Food"": 65,""Gold"": 30}",10,2,0,1,4,80,0,1,8,1,0,,,,4,100,0,kamayuk,Military,Infantry;Unique Unit,The Conquerors
Elite Karambit Warrior,Malay unique infantry unit. Cheap and only takes half a population unit. Strong in high numbers. Weak vs. cavalry and archers.,Imperial,Castle,"{""Food"": 30,""Gold"": 15}",6,2,0,1.2,3,40,0,0,7,1,1,,,,3,100,0,karambit-warrior,Military,Infantry;Unique Unit,The Conquerors
Elite Keshik,Tatar unique cavalry unit that generates 0.3625 gold per second when attacking enemy units.,Imperial,Castle,"{""Food"": 50,""Gold"": 40}",15,1.9,0,1.4,5,140,0,0,11,1,3,,,Generates 0.3625 gold per second when attacking enemy units,4,100,0,keshik,Military,Cavalry;Unique Unit,Definitive Edition
Elite Kipchak,"Cuman unique cavalry archer with rapid-fire attack. Fires three (four when Elite) arrows at once. First arrow deals full damage, other arrows deal 1 pierce and 0 melee damage. Strong vs. infantry. Weak vs. Skirmishers.",Imperial,Stable,"{""Wood"": 60,""Gold"": 35}",20,2.2,0,1.4,6,45,0,4,5,0,0,,,,5,90,0,kipchak,Military,Archer;Cavalry Archer;Cavalry;Unique Unit,Definitive Edition
Elite Konnik,Bulgarian unique cavalry unit that fights on as infantry when felled. Strong vs. infantry and archers. Weak vs. Camel Riders and Monks.,Imperial,Stable,"{""Food"": 60,""Gold"": 70}",19,2.4,0,1.35,5,120,0,0,14,2,2,,,Turns into a(n) (Elite) Dismounted Konnik upon death,4,100,0,konnik,Military,Cavalry;Unique Unit,Definitive Edition
Elite Konnik (Dismounted),Bulgarian unique cavalry unit that fights on as infantry when felled. Strong vs. infantry and archers. Weak vs. Camel Riders and Monks.,Imperial,N/A,{},N/A,2.4,0,0.9,3,50,0,0,13,2,2,"[{""amount"": 4, ""against"": ""Standard Buildings""}]",,,-1,100,0,konnik-dismounted,Military,Infantry;Unique Unit,Definitive Edition
Elite Leitis,Lithuanian unique cavalry unit with attack that ignores armor. Each captured relic adds +1 damage (max 4). Strong vs. armored units.,Imperial,Castle,"{""Food"": 50,""Gold"": 80}",20,1.9,0,1.4,5,130,0,0,14,2,2,,,Attacks ignore armor of non-siege land units,4,100,0,leitis,Military,Cavalry;Unique Unit,Definitive Edition
Elite Longboat,"Viking unique ship that fires multiple arrows. Strong vs. War Galleys, land units, and buildings.",Imperial,Dock,"{""Wood"": 80,""Gold"": 40}",25,3,0,1.54,9,160,0,7,8,0,8,"[{""amount"": 7, ""against"": ""Buildings""}, {""amount"": 10, ""against"": ""Ships""}, {""amount"": 4, ""against"": ""Rams""}]",,,9,100,0,longboat,Navy,Ship;Unique Unit,Age of Kings
Elite Longbowman,British unique archer with very long range. Strong vs. infantry. Weak vs. cavalry and Skirmishers.,Imperial,Castle,"{""Wood"": 35,""Gold"": 40}",19,2,0.35,0.96,8,40,0,6,7,0,1,"[{""amount"": 2, ""against"": ""Spearmen""}]",,,8,80,0,longbowman,Military,Archer;Unique Unit,Age of Kings
Elite Magyar Huszar,Byzantine unique cavalry unit. Strong vs. infantry. Weak vs. archers.,Imperial,Castle,"{""Food"": 35,""Gold"": 45}",14,1.8,0,1.5,6,85,0,0,10,0,2,,,,4,100,0,magyar-huszar,Military,Cavalry;Unique Unit,Definitive Edition
Elite Mameluke,Saracen unique camel unit with ranged melee attack. Strong vs. cavalry. Weak vs. archers.,Imperial,Castle,"{""Food"": 55,""Gold"": 85}",23,2,0,1.4,5,90,0,3,10,1,0,"[{""amount"": 12, ""against"": ""Cavalry""}]","[{""amount"": 11, ""against"": ""Cavalry""}]",,5,100,0,mameluke,Military,Mameluke;Camel;Unique Unit,Age of Kings
Elite Mangudai,"Mongol unique cavalry archer with fast-firing attack. Strong vs. siege weapons and infantry. Weak vs. Skirmishers, Pikemen, and Camel Riders.",Imperial,Castle,"{""Wood"": 55,""Gold"": 65}",26,1.68,0,1.45,6,60,0,4,8,0,1,"[{""amount"": 5, ""against"": ""Siege""}, {""amount"": 1, ""against"": ""Spearmen""}]",,,6,95,0,mangudai,Military,Archer;Cavalry Archer;Cavalry;Unique Unit,Age of Kings
Elite Monaspa,The Monaspa is the unique cavalry unit of the Georgians,Castle,Castle,"{""Food"": 60,""Gold"": 45}",11,1.8,0,1.4,5,90,0,0,14,5,2,,,Receive +1 (max +4) attack for every 5 own Monaspas or Knights within 15 tiles,-1,100,0,monaspa,Military,Cavalry;Unique Unit,The Mountain Royals
Elite Obuch,Polish unique infantry unit which can damage the armor of units it is fighting. Strong vs. buildings and infantry. Weak vs. archers at long range.,Imperial,Castle,"{""Food"": 55,""Gold"": 20}",12,2,0,0.9,3,95,0,0,10,2,2,"[{""amount"": 3, ""against"": ""Eagle Warrior""}, {""amount"": 6, ""against"": ""Standard Buildings""}]",,Reduces armor and pierce armor of units by 1 each with every attack,-1,100,0,obuch,Military,Infantry;Unique Unit,Dawn of the Dukes
Elite Organ Gun,Portuguese unique siege unit. Fires a volley of bullets. Strong vs. large groups of units. Weak vs. cavalry and Mangonels.,Imperial,Castle,"{""Wood"": 80,""Gold"": 56}",21,3.45,0.6,0.85,9,70,1,7,9,2,6,"[{""amount"": 1, ""against"": ""Infantry""}, {""amount"": 1, ""against"": ""Ram""}, {""amount"": 1, ""against"": ""Skirmisher""}, {""amount"": 1, ""against"": ""Buildings""}]",,"Fires 6 bullets in a spread pattern that can hit multiple enemies. It is more effective against large groups of units, because the multiple bullets disperse in a small cone, hitting multiple units.",9,0,0,organ-gun,Military,Siege Weapon;Gunpowder Unit;Unique Unit,Age of Empires II HD: The African Kingdoms
Elite Plumed Archer,Mayan unique fast-moving archer. Strong vs. archers and infantry. Weak vs. cavalry.,Imperial,Castle,"{""Wood"": 32,""Gold"": 32}",16,1.9,0.5,1.2,6,65,0,5,5,0,2,"[{""amount"": 2, ""against"": ""Infantry""}, {""amount"": 2, ""against"": ""Spearmen""}]",,,6,90,0,plumed-archer,Military,Archer;Unique Unit,The Conquerors
Elite Ratha (Melee),Bengali unique chariot that can switch between melee and ranged attacks. Strong vs. infantry. Weak vs. Skirmishers and Camel Riders.,Imperial,Castle,"{""Wood"": 60,""Gold"": 60}",18,2,0.33,1.3,6,115,0,0,12,2,1,,,Can switch between melee and ranged attack modes,-1,100,0,ratha-melee,Military,Archer;Cavalry Archer;Cavalry;Unique Unit,Dynasties of India
Elite Ratha (Ranged),Bengali unique chariot that can switch between melee and ranged attacks. Strong vs. infantry. Weak vs. Skirmishers and Camel Riders.,Imperial,Castle,"{""Wood"": 60,""Gold"": 60}",18,2,0.33,1.3,6,115,0,4,6,2,1,,,Can switch between melee and ranged attack modes,-1,90,0,ratha-ranged,Military,Archer;Cavalry Archer;Cavalry;Unique Unit,Dynasties of India
Elite Rattan Archer,Vietnamese unique archer with high pierce armor. Strong vs. archers and infantry. Weak vs. cavalry and Skirmishers.,Imperial,Castle,"{""Wood"": 50,""Gold"": 45}",16,2,0,1.1,6,45,0,4,7,0,6,"[{""amount"": 2, ""against"": ""Spearmen""}]",,,6,90,0,rattan-archer,Military,Archer;Unique Unit,Age of Empires II HD: Rise of the Rajas
Elite Samurai,Japanese unique infantry unit with fast attack. Strong vs. unique units and infantry. Weak vs. archers.,Imperial,Castle,"{""Food"": 50,""Gold"": 30}",9,1.9,0,1,5,80,0,0,12,1,1,"[{""amount"": 3, ""against"": ""Eagles""}, {""amount"": 3, ""against"": ""Buildings""}, {""amount"": 12, ""against"": ""Unique Units""}]",,,4,100,0,samurai,Military,Infantry;Unique Unit,Age of Kings
Elite Serjeant,Sicilian unique infantry unit which can construct Donjons.,Imperial,Castle;Donjon,"{""Food"": 50,""Gold"": 35}",12,2,0,0.9,5,85,0,0,11,4,4,"[{""amount"": 3, ""against"": ""Eagle Warrior""}, {""amount"": 3, ""against"": ""Standard Buildings""}]",,Can build and repair Donjons. Stats improve on each age up. Build/repair 25% slower in Feudal Age.,-1,100,0,serjeant,Military,Infantry;Unique Unit,Lords of the West
Elite Shotel Warrior,Ethiopian unique infantry with high attack and fast training speed. Fast-moving. Strong vs. infantry. Weak vs. archers.,Imperial,Castle,"{""Food"": 50,""Gold"": 35}",4,2,0,1.2,3,50,0,0,18,0,1,,,,3,100,0,shotel-warrior,Military,Infantry;Unique Unit,Definitive Edition
Elite Shrivamsha Rider,Gurjara unique light cavalry unit which can dodge projectiles. Will not dodge splash damage. Strong vs. archers. Weak vs. Pikemen and Camel Riders.,Imperial,Stable,"{""Food"": 70,""Gold"": 30}",20,2,0,1.6,6,70,0,0,11,0,1,,,"Can ""dodge"" five (seven for Elite) consecutive projectiles in a 20 second time frame",-1,100,0,shrivamsha-rider,Military,Cavalry;Unique Unit,Dynasties of India
Elite Skirmisher,Ranged anti-archer unit that cannot attack at close range. Strong vs. archers. Weak vs. units at close range.,Castle,Archery Range,"{""Food"": 25,""Wood"": 35}",22,3,0.5,0.96,7,35,1,5,3,0,4,"[{""amount"": 4, ""against"": ""Archers""}, {""amount"": 4, ""against"": ""Hand Cannoneers""}, {""amount"": 4, ""against"": ""Conquistadors""}, {""amount"": 4, ""against"": ""Skirmishers""}, {""amount"": 5, ""against"": ""Spearmen""}, {""amount"": 6, ""against"": ""Cavalry Archers""}]",,,7,90,0,elite-skirmisher,Military,Archer,Age of Kings
Elite Steppe Lancer,Light cavalry unit with increased attack range. Strong in groups. Weak vs. Camel Riders and archers.,Imperial,Stable,"{""Food"": 70,""Gold"": 45}",20,2.3,0,1.45,5,80,0,1,10,0,2,,,,4,100,0,elite-steppe-lancer,Military,Cavalry,Definitive Edition
Elite Tarkan,Hunnic unique cavalry unit with attack bonus vs. buildings. Strong vs. buildings and archers. Weak vs. Pikemen and Camel Riders.,Imperial,Castle,"{""Food"": 60,""Gold"": 60}",14,2.1,0,1.35,7,150,0,0,11,1,4,"[{""amount"": 10, ""against"": ""Buildings""}, {""amount"": 10, ""against"": ""Castle""}, {""amount"": 12, ""against"": ""Stone Defenses""}, {""amount"": 10, ""against"": ""Walls""}, {""amount"": 10, ""against"": ""Gates""}]",,,7,100,0,tarkan,Military,Cavalry;Unique Unit,The Conquerors
Elite Teutonic Knight,Teutonic unique infantry unit. Slow and powerful. Strong vs. melee units. Weak vs. archers and Scorpions.,Imperial,Castle,"{""Food"": 85,""Gold"": 30}",12,2,0,0.7,5,100,0,0,17,10,2,"[{""amount"": 4, ""against"": ""Eagles""}, {""amount"": 4, ""against"": ""Buildings""}]",,,3,100,0,teutonic-knight,Military,Infantry;Unique Unit,Age of Kings
Elite Throwing Axeman,Frankish unique infantry unit with ranged melee attack. Strong vs. infantry. Weak vs. archers and siege weapons.,Imperial,Castle,"{""Food"": 55,""Gold"": 25}",17,2,0.8,1,6,70,0,4,8,1,0,"[{""amount"": 2, ""against"": ""Eagles""}, {""amount"": 2, ""against"": ""Buildings""}]",,,6,100,0,throwing-axeman,Military,Infantry;Unique Unit,Age of Kings
Elite Turtle Ship,Korean unique ship. Slow and ironclad. Strong vs. warships and buildings.,Imperial,Dock,"{""Wood"": 200,""Gold"": 200}",50,6,0,0.9,8,300,0,7,50,8,6,,"[{""amount"": 11, ""against"": ""Ships""}]",,8,100,0.5,turtle-ship,Navy,Ship;Turtle Ship;Gunpowder Unit;Unique Unit,The Conquerors
Elite Urumi Swordsman,"An infantry unit that charges its attack over a period of time, dealing increased damage on its first attack against an enemy unit, the charged attacks also do trample damage, but not regular attacks.",Imperial,Castle,"{""Food"": 65,""Gold"": 20}",9,2,0,1.05,3,65,0,0,10,1,0,"[{""amount"": 3, ""against"": ""Eagles""}, {""amount"": 2, ""against"": ""Buildings""}]",,"Charges its attack by +12 (+15 Elite) over 24 (20 Elite) seconds, dealing a blast attack of 50% strength in 0.75 tiles radius",0,100,0,urumi-swordsman,Military,Infantry;Unique Unit,Dynasties of India
Elite War Elephant,Persian unique unit. Slow and powerful cavalry. Strong vs. buildings and units at close range. Weak vs. Monks.,Imperial,Castle,"{""Food"": 200,""Gold"": 75}",31,2,0,0.8,8,600,0,0,20,1,3,"[{""amount"": 30, ""against"": ""Standard Buildings""}, {""amount"": 30, ""against"": ""Stone Buildings""}]",,,4,100,0.5,war-elephant,Military,Cavalry;War Elephant;Unique Unit,Age of Kings
Elite War Wagon,"Korean unique cavalry archer unit. Strong vs. infantry and archers. Weak vs. Pikemen, Skirmishers, and Camel Riders.",Imperial,Castle,"{""Wood"": 200,""Gold"": 60}",25,2.5,1,1.2,8,200,0,5,9,0,4,"[{""amount"": 5, ""against"": ""Buildings""}]",,,7,100,0,war-wagon,Military,Archer;Cavalry Archer;Cavalry;Unique Unit,The Conquerors
Elite Woad Raider,Celtic unique infantry unit. Fast-moving. Strong vs. infantry and siege weapons. Weak vs. archers and cavalry.,Imperial,Castle,"{""Food"": 65,""Gold"": 25}",10,2,0,1.2,5,85,0,0,14,0,1,"[{""amount"": 3, ""against"": ""Eagles""}, {""amount"": 3, ""against"": ""Buildings""}]",,,3,100,0,woad-raider,Military,Infantry;Unique Unit,Age of Kings
Fast Fire Ship,Warship that spews fire at close range. Strong vs. War Galleys. Weak vs. Demolition Ships.,Imperial,Dock,"{""Wood"": 75,""Gold"": 45}",36,0.25,0,1.43,6,140,0,2,3,0,8,"[{""amount"": 3, ""against"": ""Buildings""}, {""amount"": 4, ""against"": ""Camels""}, {""amount"": 1, ""against"": ""Melee""}, {""amount"": 4, ""against"": ""Ships""}, {""amount"": 3, ""against"": ""Turtle Ships""}]","[{""amount"": 7, ""against"": ""Camel""}, {""amount"": 7, ""against"": ""Ships""}]",,6,100,0,fast-fire-ship,Navy,Ship,Age of Kings
Fire Ship,Warship that spews fire at close range. Strong vs. War Galleys. Weak vs. Demolition Ships.,Castle,Dock,"{""Wood"": 75,""Gold"": 45}",36,0.25,0,1.35,5,120,0,2,2,0,6,"[{""amount"": 2, ""against"": ""Buildings""}, {""amount"": 3, ""against"": ""Camels""}, {""amount"": 1, ""against"": ""Melee""}, {""amount"": 3, ""against"": ""Ships""}, {""amount"": 2, ""against"": ""Turtle Ships""}]","[{""amount"": 5, ""against"": ""Camel""}, {""amount"": 5, ""against"": ""Ships""}]",,5,100,0,fire-ship,Navy,Ship,Age of Kings
Fishing Ship,Gathers food from fish and Fish Traps. Builds Fish Traps.,Dark,Dock,"{""Wood"": 75}",40,0,0,1.26,5,60,0,0,0,0,6,,,,12,100,0,fishing-ship,Navy,Fishing Ship,Age of Kings
Flamethrower,Siege weapon that spews fire at close range. Strong vs. buildings and melee units. Weak vs. archers at long range.,N/A,N/A,,N/A,0.25,0,0.6,7,160,0,5,4,2,2,,,,7,75,0,flamethrower,Unbuildable,Siege Weapon,Age of Empires II HD: The Forgotten
Flaming Camel,Demolition camel armed with inflammable hay. Strong vs. buildings and siege units. Weak vs. archers at long range. Self-destructs when used.,Imperial,Castle,"{""Food"": 75,""Gold"": 30}",20,5,0,1.2,4,100,0,0,50,0,2,,,,4,100,0.5,flaming-camel,Military,Unique Unit;Camel,Definitive Edition
Flemish Militia,Burgundian unique infantry unit. Strong vs. cavalry. Weak vs. archers.<,Imperial,Barracks,"{""Food"": 50,""Gold"": 15}",14,2,0,0.9,7,60,0,0,11,1,0,"[{""amount"": 2, ""against"": ""Eagle Warrior""}, {""amount"": 8, ""against"": ""Cavalry""}, {""amount"": 6, ""against"": ""Camel""}, {""amount"": 6, ""against"": ""Fishing Ship""}, {""amount"": 6, ""against"": ""Ship""}, {""amount"": 40, ""against"": ""Siege""}, {""amount"": 8, ""against"": ""War Elephant""}]",,,-1,100,0,flemish-militia,Military,Infantry;Unique Unit,Lords of the West
Furious The Monkey Boy,Cheat unit.,N/A,N/A,,N/A,0.9,0,0.99,12,9,0,0,99,99,99,,,,12,100,0,furious-the-monkey-boy,Cheat,None,Age of Kings
Galleon,All-purpose warship with ranged attack. Weak vs. Fire Ships.,Imperial,Dock,"{""Wood"": 90,""Gold"": 30}",36,3,0,1.43,9,165,0,7,8,0,8,"[{""amount"": 8, ""against"": ""Buildings""}, {""amount"": 11, ""against"": ""Camels""}, {""amount"": 4, ""against"": ""Rams""}, {""amount"": 11, ""against"": ""Ships""}]",,,9,100,0,galleon,Navy,Ship,Age of Kings
Galley,All-purpose warship with ranged attack. Weak vs. Fire Galleys.,Feudal,Dock,"{""Wood"": 90,""Gold"": 30}",60,3,0,1.43,7,120,0,5,6,0,6,"[{""amount"": 6, ""against"": ""Buildings""}, {""amount"": 8, ""against"": ""Camels""}, {""amount"": 3, ""against"": ""Rams""}, {""amount"": 8, ""against"": ""Ships""}]",,,7,100,0,galley,Navy,Ship,Age of Kings
Gbeto,Malian unique infantry unit with ranged melee attack. Fast-moving. Strong vs. infantry. Weak vs. archers and siege weapons.,Castle,Castle,"{""Food"": 50,""Gold"": 40}",17,2,0,1.25,6,40,0,5,10,0,0,,,,6,100,0,gbeto,Military,Infantry;Unique Unit,Age of Kings
Genitour,Mounted skirmisher. Strong vs. archers. Weak vs. units at close range. Trainable by Berbers and their allies.,Castle,Archery Range,"{""Food"": 50,""Wood"": 35}",25,3,0,1.35,5,50,1,4,3,0,4,"[{""amount"": 4, ""against"": ""Archer""}, {""amount"": 3, ""against"": ""Spearmen""}]",,,5,90,0,genitour,Military,Archer;Cavalry Archer;Cavalry;Unique Unit,Definitive Edition
Genoese Crossbowman,Italian unique unit. Foot archer with an attack bonus against cavalry.,Castle,Castle,"{""Wood"": 45,""Gold"": 45}",14,2,0.4,0.96,8,45,0,4,6,1,0,"[{""amount"": 4, ""against"": ""Camel""}, {""amount"": 5, ""against"": ""Cavalry""}, {""amount"": 4, ""against"": ""Fishing Ships""}, {""amount"": 4, ""against"": ""Ships""}, {""amount"": 5, ""against"": ""War Elephant""}]",,,6,100,0,genoese-crossbowman,Military,Archer;Unique Unit,The Forgotten
Ghulam,Fast infantry with high pierce armor. Thrusts its spear through multiple targetsm dealing 50% damage to units 1 tile behind the target,Castle,Archery Range,"{""Food"": 30,""Gold"": 45}",12,2,0,1.15,6,60,0,0,9,0,3,"[{""amount"": 5, ""against"": ""Archers""}, {""amount"": 2, ""against"": ""Eagle Warrior""}, {""amount"": 2, ""against"": ""Standard Buildings""}]",,Attacks damage up to 1 additional unit behind the target within 1 tile range for 50% of attack damage,-1,100,1,ghulam,Military,Infantry;Unique Unit,Dynasties of India
Goat,Gaia unit.,N/A,N/A,,N/A,0,0,0.7,3,7,0,0,0,0,0,,,Provides 100 food,4,100,0,goat,Gaia,None,Age of Kings
Goose,Gaia unit.,N/A,N/A,,N/A,0,0,0.7,3,7,0,0,0,0,0,,,,4,0,0,goose,Gaia,None,Age of Kings
Halberdier,"Anti-cavalry infantry unit. Strong vs. mounted units, especially elephants. Weak vs. archers and infantry.",Imperial,Barracks,"{""Food"": 35,""Wood"": 25}",22,3,0,1,4,60,0,0,6,0,0,"[{""amount"": 1, ""against"": ""Buildings""}, {""amount"": 1, ""against"": ""Eagles""}, {""amount"": 32, ""against"": ""Cavalry""}, {""amount"": 16, ""against"": ""Camels""}, {""amount"": 16, ""against"": ""Ships""}, {""amount"": 60, ""against"": ""War Elephants""}]",,,5,100,0,halberdier,Military,Infantry;Spearman,The Conquerors
Hand Cannoneer,"Gunpowder unit with powerful attack, but inaccurate at long range. Strong vs. infantry. Weak vs. Elite Skirmishers and archers.",Imperial,Archery Range,"{""Food"": 45,""Gold"": 50}",34,3.45,0.45,0.96,9,35,0,7,17,1,0,"[{""amount"": 10, ""against"": ""Infantry""}, {""amount"": 2, ""against"": ""Rams""}, {""amount"": 1, ""against"": ""Spearmen""}]",,,9,65,0,hand-cannoneer,Military,Archer;Gunpowder Unit,Age of Kings
Heavy Camel Rider,"Fast anti-cavalry unit. Strong vs. cavalry. Weak vs. Pikemen, Monks, and archers. (not classified as cavalry)",Imperial,Stable,"{""Food"": 55,""Gold"": 60}",22,2,0,1.45,5,120,0,0,7,0,0,"[{""amount"": 18, ""against"": ""Cavalry""}, {""amount"": 9, ""against"": ""Ships""}, {""amount"": 9, ""against"": ""Camels""}]",,,4,100,0,heavy-camel-rider,Military,Camel,Age of Kings
Heavy Cavalry Archer,Mounted archer. Strong vs. slow units at long range. Weak vs. Elite Skirmishers and units at close range.,Imperial,Archery Range,"{""Wood"": 40,""Gold"": 70}",27,2,1,1.4,6,60,0,4,7,1,0,"[{""amount"": 4, ""against"": ""Spearmen""}]",,,6,50,0,heavy-cavalry-archer,Military,Archer;Cavalry Archer;Cavalry,Age of Kings
Heavy Demolition Ship,Demolition ship armed with explosives. Strong vs. Fire Ships and buildings. Self-destructs when used.,Imperial,Dock,"{""Wood"": 70,""Gold"": 50}",31,5,0,1.6,6,70,0,0,140,0,5,"[{""amount"": 280, ""against"": ""Buildings""}]","[{""amount"": 5, ""against"": ""Camel""}, {""amount"": 5, ""against"": ""Ships""}]",,5,100,3.5,heavy-demolition-ship,Navy,Ship,Age of Kings
Heavy Pikeman,"Anti-cavalry infantry unit. Strong vs. mounted units, especially elephants. Weak vs. archers and infantry.",N/A,N/A,,N/A,3,0,1,4,75,0,0,4,0,0,,,,4,100,0,heavy-pikeman,Unbuildable,Infantry;Spearman,Age of Empires II HD: The Forgotten
Heavy Scorpion,Anti-unit siege weapon. Fires bolts that pierce multiple units. Strong vs. large groups of units. Weak vs. cavalry and siege weapons.,Imperial,Siege Workshop,"{""Wood"": 75,""Gold"": 75}",30,3.6,0.21,0.65,9,55,2,7,16,0,7,"[{""amount"": 4, ""against"": ""Buildings""}, {""amount"": 2, ""against"": ""Rams""}, {""amount"": 8, ""against"": ""War Elephant""}]",,,9,100,0,heavy-scorpion,Military,Siege Weapon,Age of Kings
Horse,Can be used as scout,Dark,N/A,,0,0,0,1.2,2,50,0,0,0,0,0,,,,0,100,0,horse,Gaia,None,Age of Kings
Houfnice,Bohemian unique siege unit. Siege weapon with long range. Strong vs. buildings and siege weapons. Weak vs. melee units.,Imperial,Siege Workshop,"{""Wood"": 225,""Gold"": 225}",56,6.5,0.21,0.7,14,90,0,12,50,2,6,"[{""amount"": 250, ""against"": ""Buildings""}, {""amount"": 50, ""against"": ""Hussite Wagon""}, {""amount"": 50, ""against"": ""Fishing Ship""}, {""amount"": 50, ""against"": ""Ship""}, {""amount"": 40, ""against"": ""Siege""}, {""amount"": 40, ""against"": ""Stone Defenses""}]",,,-1,100,0.7,houfnice,Military,Siege Weapon;Gunpowder Unit,Dawn of the Dukes
Huskarl,Gothic unique infantry unit with high pierce armor. Strong vs. archers and buildings. Weak vs. cavalry.,Castle,Castle,"{""Food"": 52,""Gold"": 26}",16,2,0,1.05,3,60,0,0,10,0,6,"[{""amount"": 6, ""against"": ""Archers""}, {""amount"": 2, ""against"": ""Buildings""}, {""amount"": 2, ""against"": ""Eagles""}, {""amount"": 6, ""against"": ""Hand Cannoneers""}]",,,3,100,0,huskarl,Military,Infantry;Unique Unit,Age of Kings
Hussar,Fast cavalry for scouting and raiding. Resistant to conversion. Strong vs. Monks. Weak vs. Pikemen and Camel Riders.,Imperial,Stable,"{""Food"": 80}",30,1.9,0,1.5,4,75,0,0,7,0,2,"[{""amount"": 12, ""against"": ""Monks""}]",,,4,100,0,hussar,Military,Cavalry,The Conquerors
Hussite Wagon,Bohemian unique siege unit. Units behind it receive 50% less damage from incoming projectiles. Strong vs. archers. Weak vs. siege weapons.,Castle,Castle,"{""Wood"": 110,""Gold"": 70}",21,3.45,0.93,0.8,8,200,0,6,17,0,7,"[{""amount"": 3, ""against"": ""Rams""}, {""amount"": 1, ""against"": ""Buildings""}]",,,-1,85,0,hussite-wagon,Military,Siege Weapon;Gunpowder Unit;Unique Unit;Hussite Wagon,Dawn of the Dukes
Imperial Camel Rider,"Fast anti-cavalry unit. Strong vs. cavalry. Weak vs. Pikemen, Monks, and archers.",Imperial,Stable,"{""Food"": 55,""Gold"": 60}",20,2,0,1.45,5,140,0,0,9,0,0,,,,4,100,0,imperial-camel-rider,Military,Camel,Age of Empires II HD: The Forgotten
Imperial Skirmisher,Ranged anti-archer unit that cannot attack at close range. Strong vs. archers. Weak vs. units at close range. Trainable by Vietnamese and their allies.,Imperial,Archery Range,"{""Food"": 25,""Wood"": 35}",22,3,0,0.96,7,35,1,5,4,0,5,"[{""amount"": 5, ""against"": ""Archers""}, {""amount"": 3, ""against"": ""Cavalry Archers""}, {""amount"": 4, ""against"": ""Spearmen""}]",,,7,95,0,imperial-skirmisher,Military,Archer,Age of Empires II HD: Rise of the Rajas
Iroquois Warrior,Exceptionally quick infantry. Strong vs. buildings.,N/A,N/A,,N/A,2,0,1.2,3,65,0,0,8,0,1,,,,3,100,0,iroquois-warrior,Unbuildable,Infantry,Definitive Edition
Jaguar,Wild jaguar. Same as wolf on yucatan and other americas maps,Dark,N/A,,0,2,0,1.05,12,25,0,0,3,0,0,,,Provides no food,0,100,0,jaguar,Gaia,None,Age of Kings
Jaguar Warrior,Aztec unique infantry unit. Strong vs. infantry. Weak vs. cavalry and archers.,Castle,Castle,"{""Food"": 60,""Gold"": 30}",17,2,0,1,3,50,0,0,10,1,1,"[{""amount"": 12, ""against"": ""Eagles""}, {""amount"": 2, ""against"": ""Buildings""}, {""amount"": 10, ""against"": ""Infantry""}]",,,3,100,0,jaguar-warrior,Military,Infantry;Unique Unit,The Conquerors
Janissary,Turkish unique hand cannoneer with longer range and no minimum range. Strong vs. infantry. Weak vs. archers.,Castle,Castle,"{""Food"": 60,""Gold"": 55}",17,3.45,0.28,0.96,10,44,0,7,17,1,0,"[{""amount"": 2, ""against"": ""Rams""}]",,,10,50,0,janissary,Military,Archer;Gunpowder Unit;Unique Unit,Age of Kings
Junk,"Trade unit used for generating gold at another player's Dock. To trade, click the Junk then right-click another player's Dock. Will return with gold to your Dock.",Dark,Dock,,N/A,0,0,1.21,7,75,0,0,0,0,0,,,,-1,100,0,junk,Unbuildable,None,Age of Kings
Kamayuk,Japanese unique infantry unit with fast attack. Strong vs. unique units and infantry. Weak vs. archers.,Castle,Castle,"{""Food"": 60,""Gold"": 30}",10,2,0,1,4,60,0,1,7,0,0,,,,4,100,0,kamayuk,Military,Infantry;Unique Unit,The Conquerors
Karambit Warrior,Malay unique infantry unit. Cheap and only takes half a population unit. Strong in high numbers. Weak vs. cavalry and archers.,Castle,Castle,"{""Food"": 30,""Gold"": 15}",6,2,0,1.2,3,30,0,0,6,0,1,,,,3,100,0,karambit-warrior,Military,Infantry;Unique Unit,The Conquerors
Keshik,Tatar unique cavalry unit that generates 0.3625 gold per second when attacking enemy units.,Castle,Castle,"{""Food"": 50,""Gold"": 40}",17,1.9,0,1.4,5,110,0,0,9,1,2,,,Generates 0.3625 gold per second when attacking enemy units,4,100,0,keshik,Military,Cavalry;Unique Unit,Definitive Edition
King,Cannot be produced so the cost and build time just for the sake of interest,Dark,Castle,"{""Food"": 50}",30,0,0,1.32,6,75,0,0,0,0,0,,,,6,100,0,king,Military,None,Age of Kings
Kipchak,"Cuman unique cavalry archer with rapid-fire attack. Fires three (four when Elite) arrows at once. First arrow deals full damage, other arrows deal 1 pierce and 0 melee damage. Strong vs. infantry. Weak vs. Skirmishers.",Castle,Stable,"{""Wood"": 60,""Gold"": 35}",20,2.2,0,1.4,6,40,0,4,4,0,0,,,,5,90,0,kipchak,Military,Archer;Cavalry Archer;Cavalry;Unique Unit,Definitive Edition
Knight,"Powerful all-purpose cavalry. Strong vs. infantry and archers. Weak vs. Pikemen, Camel Riders, and Monks.",Castle,Stable,"{""Food"": 60,""Gold"": 75}",30,1.8,0,1.35,4,100,0,0,10,2,2,,,,4,100,0,knight,Military,Cavalry,Age of Kings
Komodo Dragon,Gaia unit.,N/A,N/A,,N/A,2,0,0.7,12,25,0,0,3,0,0,,,Provides no food,12,100,0,komodo-dragon,Gaia,None,Age of Empires III: The Asian Dynasties
Konnik,Bulgarian unique cavalry unit that fights on as infantry when felled. Strong vs. infantry and archers. Weak vs. Camel Riders and Monks.,Castle,Stable,"{""Food"": 60,""Gold"": 70}",19,2.4,0,1.35,5,100,0,0,12,2,1,,,Turns into a(n) (Elite) Dismounted Konnik upon death,4,100,0,konnik,Military,Cavalry;Unique Unit,Definitive Edition
Konnik (Dismounted),Bulgarian unique cavalry unit that fights on as infantry when felled. Strong vs. infantry and archers. Weak vs. Camel Riders and Monks.,Castle,N/A,{},N/A,2.4,0,0.9,3,45,0,0,12,2,1,"[{""amount"": 4, ""against"": ""Standard Buildings""}]",,,-1,100,0,konnik-dismounted,Military,Infantry;Unique Unit,Definitive Edition
Legionary,"Roman Unique Infantry Unit, replaces Two-Handed Swordsman/Champion at the Barracks. Has additional bonus damage vs Infantry.",Imperial,Barracks,"{""Food"": 60,""Gold"": 20}",21,2,0,0.9,5,75,0,0,12,2,2,"[{""amount"": 8, ""against"": ""Eagle Warrior""}, {""amount"": 4, ""against"": ""Condottiero""}, {""amount"": 4, ""against"": ""Infantry""}, {""amount"": 4, ""against"": ""Standard Buildings""}]",,,5,100,0,legionary,Military,Infantry,Return to Rome
Leitis,Lithuanian unique cavalry unit with attack that ignores armor. Each captured relic adds +1 damage (max 4). Strong vs. armored units.,Castle,Castle,"{""Food"": 50,""Gold"": 80}",23,1.9,0,1.4,5,100,0,0,12,1,2,,,Attacks ignore armor of non-siege land units,4,100,0,leitis,Military,Cavalry;Unique Unit,Definitive Edition
Light Cavalry,Fast cavalry for scouting and raiding. Resistant to conversion. Strong vs. Monks. Weak vs. Pikemen and Camel Riders.,Castle,Stable,"{""Food"": 80}",30,2,0,1.5,8,60,0,0,7,0,2,"[{""amount"": 10, ""against"": ""Monks""}]",,,4,100,0,light-cavalry,Military,Cavalry,Age of Kings
Lion,Gaia unit.,N/A,N/A,,N/A,2,0,0.7,12,25,0,0,3,0,0,,,Provides 100 food,,100,0,lion,Gaia,None,Age of Empires II HD: The African Kingdoms
Llama,Gaia unit.,N/A,N/A,,N/A,0,0,0.7,3,7,0,0,0,0,0,,,Provides 100 food,4,0,0,llama,Gaia,None,Age of Empires II HD: The Forgotten
Long Swordman,All-purpose infantry unit. Strong vs. buildings and infantry. Weak vs. archers at long range.,Castle,Barracks,"{""Food"": 60,""Gold"": 20}",21,2,0,0.9,4,60,0,0,9,0,1,"[{""amount"": 4, ""against"": ""Eagles""}, {""amount"": 2, ""against"": ""Buildings""}]",,,4,100,0,long-swordsman,Military,Infantry,Age of Kings
Longboat,"Viking unique ship that fires multiple arrows. Strong vs. War Galleys, land units, and buildings.",Castle,Dock,"{""Wood"": 80,""Gold"": 40}",25,3,9,1.54,8,130,0,6,7,0,6,"[{""amount"": 7, ""against"": ""Buildings""}, {""amount"": 9, ""against"": ""Ships""}, {""amount"": 4, ""against"": ""Rams""}]",,,8,100,0,longboat,Navy,Ship;Unique Unit,Age of Kings
Longbowman,British unique archer with very long range. Strong vs. infantry. Weak vs. cavalry and Skirmishers.,Castle,Castle,"{""Wood"": 35,""Gold"": 40}",19,2,0.35,0.96,7,35,0,6,6,0,0,"[{""amount"": 2, ""against"": ""Spearmen""}]",,,7,70,0,longbowman,Military,Archer;Unique Unit,Age of Kings
Magyar Huszar,Byzantine unique cavalry unit. Strong vs. infantry. Weak vs. archers.,Castle,Castle,"{""Food"": 35,""Gold"": 45}",16,1.8,0,1.5,5,75,0,0,9,0,2,,,,4,100,0,magyar-huszar,Military,Cavalry;Unique Unit,Definitive Edition
Mameluke,Saracen unique camel unit with ranged melee attack. Strong vs. cavalry. Weak vs. archers and Pikemen.,Castle,Castle,"{""Food"": 55,""Gold"": 85}",23,2,0.6,1.4,5,80,0,3,7,0,0,"[{""amount"": 9, ""against"": ""Cavalry""}]","[{""amount"": 11, ""against"": ""Cavalry""}]",,5,100,0,mameluke,Military,Mameluke;Camel;Unique Unit,Age of Kings
Man At Arms,All-purpose infantry unit. Strong vs. buildings and infantry. Weak vs. archers at long range.,Feudal,Barracks,"{""Food"": 60,""Gold"": 20}",21,2,0,0.9,4,45,0,0,6,0,1,"[{""amount"": 2, ""against"": ""Eagles""}, {""amount"": 1, ""against"": ""Buildings""}]",,,4,100,0,man-at-arms,Military,Infantry,Age of Kings
Mangonel,"Ranged siege weapon with area of effect attack, but cannot attack enemies at close range. Strong vs. tight groups of units. Can attack ground.",Castle,Siege Workshop,"{""Wood"": 160,""Gold"": 135}",46,6,0,0.6,9,50,3,7,40,0,6,"[{""amount"": 35, ""against"": ""Buildings""}, {""amount"": 12, ""against"": ""Siege""}]",,,9,100,1,mangonel,Military,Siege Weapon,Age of Kings
Mangudai,"Mongol unique cavalry archer with fast-firing attack. Strong vs. siege weapons and infantry. Weak vs. Skirmishers, Pikemen, and Camel Riders.",Castle,Castle,"{""Wood"": 55,""Gold"": 65}",26,2.1,1,1.45,6,60,0,4,6,0,0,"[{""amount"": 3, ""against"": ""Siege""}, {""amount"": 1, ""against"": ""Spearmen""}]",,,5,95,0,mangudai,Military,Archer;Cavalry Archer;Cavalry;Unique Unit,Age of Kings
Militia,All-purpose infantry unit. Strong vs. buildings and infantry. Weak vs. archers at long range.,Dark,Barracks,"{""Food"": 60,""Gold"": 20}",21,2,0,0.9,4,40,0,0,4,0,1,,,,4,100,0,militia,Military,Infantry,Age of Kings
Missionary,"Spanish unique mounted monk. Converts enemy units and heals friendly units. Faster than Monk but with less sight and range. Strong vs. slow, non-ranged units. Weak vs. Light Cavalry and ranged units. Cannot collect Relics.",Castle,Monastery,"{""Gold"": 100}",51,1,0,1.1,9,30,0,7,0,0,0,,,,9,25,0,missionary,Military,Cavalry;Monk;Unique Unit,Age of Kings
Monaspa,The Monaspa is the unique cavalry unit of the Georgians,Castle,Castle,"{""Food"": 60,""Gold"": 45}",11,1.8,0,1.4,4,75,0,0,12,3,2,,,Receive +1 (max +4) attack for every 5 own Monaspas or Knights within 15 tiles,-1,100,0,monaspa,Military,Cavalry;Unique Unit,The Mountain Royals
Monk,Converts enemy units to your civilization. Heals friendly units (except ships and siege weapons). Strong vs. slow and non-ranged units. Weak vs. Light Cavalry and ranged units. Can collect Relics and bring them to Monasteries.,Castle,Monastery,"{""Gold"": 100}",51,1,0,0.7,11,30,0,9,0,0,0,,,,11,100,0,monk,Military,Monk,Age of Kings
Ninja,Light and quick infantry. Strong vs. heroes.,N/A,N/A,,N/A,1.8,0,1.1,4,50,0,0,9,1,1,,,,4,100,0,ninja,Unbuildable,Infantry,Age of Empires III: The Asian Dynasties
Norse Warrior,All-purpose infantry unit. Strong vs. buildings and infantry. Weak vs. archers at long range.,N/A,N/A,{},N/A,2,0,0.9,4,60,0,0,9,0,1,,,,4,100,0,norse-warrior,Unbuildable,Infantry,Age of Kings
Obuch,Polish unique infantry unit which can damage the armor of units it is fighting. Strong vs. buildings and infantry. Weak vs. archers at long range.,Castle,Castle,"{""Food"": 55,""Gold"": 20}",12,2,0,0.9,3,80,0,0,8,2,2,"[{""amount"": 2, ""against"": ""Eagle Warrior""}, {""amount"": 4, ""against"": ""Standard Buildings""}]",,Reduces armor and pierce armor of units by 1 each with every attack,-1,100,0,obuch,Military,Infantry;Unique Unit,Dawn of the Dukes
Onager,"Ranged siege weapon with area of effect attack, but cannot attack enemies at close range. Strong vs. tight groups of units. Can attack ground and destroy trees.",Imperial,Siege Workshop,"{""Wood"": 160,""Gold"": 135}",46,6,0,0.6,10,60,3,8,50,0,7,"[{""amount"": 45, ""against"": ""Buildings""}, {""amount"": 12, ""against"": ""Siege""}]",,,10,100,1.25,onager,Military,Siege Weapon,Age of Kings
Organ Gun,Portuguese unique siege unit. Fires a volley of bullets. Strong vs. large groups of units. Weak vs. cavalry and Mangonels.,Castle,Castle,"{""Wood"": 80,""Gold"": 56}",21,3.45,0.6,0.85,9,60,1,7,7,2,4,"[{""amount"": 1, ""against"": ""Infantry""}, {""amount"": 1, ""against"": ""Ram""}, {""amount"": 1, ""against"": ""Skirmisher""}]",,"Fires 5 bullets in a spread pattern that can hit multiple enemies. It is more effective against large groups of units, because the multiple bullets disperse in a small cone, hitting multiple units.",9,0,0,organ-gun,Military,Siege Weapon;Gunpowder Unit;Unique Unit,Age of Empires II HD: The African Kingdoms
Ostrich,Gaia unit. Provides 140 food.,N/A,N/A,,N/A,0,0,0.737,2,5,0,0,0,0,0,,,,1,100,0,ostrich,Gaia,None,Age of Kings
Ox Cart,Civilian unit.,N/A,N/A,,N/A,0,0,1,7,70,0,0,0,0,0,,,,7,0,0,ox-cart,Civilian,None,Age of Kings
Ox Wagon,Civilian unit.,N/A,N/A,,N/A,0,0,1,7,140,0,0,0,0,0,,,,7,0,0,ox-wagon,Civilian,None,Age of Kings
Paladin,"Powerful all-purpose cavalry. Strong vs. infantry and archers. Weak vs. Halberdiers, Heavy Camel Riders, and Monks.",Imperial,Stable,"{""Food"": 60,""Gold"": 75}",30,1.9,0,1.35,5,160,0,0,14,2,3,,,,4,100,0,paladin,Military,Cavalry,Age of Kings
Penguin,Cheat unit.,Dark,Town Center,,0,2,0,0.92,6,64,0,0,16,4,4,,,,-1,100,0,penguin,Cheat,None,The Forgotten
Petard,Demolition infantry armed with explosives. Strong vs. buildings. Weak vs. other units. Self-destructs when used.,Castle,Castle,"{""Food"": 80,""Gold"": 20}",25,5,0,0.8,4,50,0,0,25,0,2,"[{""amount"": 500, ""against"": ""Buildings""}, {""amount"": 100, ""against"": ""Castle""}, {""amount"": 60, ""against"": ""Siege""}, {""amount"": 8, ""against"": ""Walls""}, {""amount"": 8, ""against"": ""Gates""}]",,,4,100,0.5,petard,Military,None,The Conquerors
Pikeman,"Anti-cavalry infantry unit. Strong vs. mounted units, especially elephants. Weak vs. archers and infantry.",Castle,Barracks,"{""Food"": 35,""Wood"": 25}",22,3,0,1,4,55,0,0,4,0,0,"[{""amount"": 1, ""against"": ""Buildings""}, {""amount"": 1, ""against"": ""Eagles""}, {""amount"": 22, ""against"": ""Cavalry""}, {""amount"": 11, ""against"": ""Camels""}, {""amount"": 11, ""against"": ""Ships""}, {""amount"": 47, ""against"": ""War Elephants""}]",,,4,100,0,pikeman,Military,Infantry;Spearman,Age of Kings
Plumed Archer,Mayan unique fast-moving archer. Strong vs. archers and infantry. Weak vs. cavalry.,Castle,Castle,"{""Wood"": 37,""Gold"": 37}",16,1.9,0.5,1.2,6,50,0,4,5,0,1,"[{""amount"": 1, ""against"": ""Infantry""}, {""amount"": 2, ""against"": ""Spearmen""}]",,,6,80,0,plumed-archer,Military,Archer;Unique Unit,The Conquerors
Photon Man,Cheat unit.,Dark,Town Center,,N/A,2,,1.2,12,80,0,10,30,2,2,,,,-1,95,0,photon-man,Cheat,Archer;Unique Unit;Gunpowder Unit,The Last Khans
Priest,Converts enemy units to your civilization. Heals friendly units (except ships and siege weapons). Strong vs. slow and non-ranged units. Weak vs. Light Cavalry and ranged units. Can collect Relics and bring them to Monasteries.,Dark,Monastery;Pagan Shrine,"{""Gold"": 100}",51,62,0,0.7,11,30,0,9,0,0,0,,,,-1,100,0,priest,Unbuildable,Monk,Age of Empires II HD: The African Kingdoms
Ratha (Melee),Bengali unique chariot that can switch between melee and ranged attacks. Strong vs. infantry. Weak vs. Skirmishers and Camel Riders.,Castle,Castle,"{""Wood"": 60,""Gold"": 60}",18,2,0.33,1.3,6,105,0,0,10,2,1,,,Can switch between melee and ranged attack modes,-1,100,0,ratha-melee,Military,Archer;Cavalry Archer;Cavalry;Unique Unit,Dynasties of India
Ratha (Ranged),Bengali unique chariot that can switch between melee and ranged attacks. Strong vs. infantry. Weak vs. Skirmishers and Camel Riders.,Castle,Castle,"{""Wood"": 60,""Gold"": 60}",18,2,0.33,1.3,6,105,0,4,5,2,1,,,Can switch between melee and ranged attack modes,-1,80,0,ratha-ranged,Military,Archer;Cavalry Archer;Cavalry;Unique Unit,Dynasties of India
Rattan Archer,Vietnamese unique archer with high pierce armor. Strong vs. archers and infantry. Weak vs. cavalry and Skirmishers.,Castle,Castle,"{""Wood"": 50,""Gold"": 45}",16,2,0,1.1,6,40,0,4,6,0,4,"[{""amount"": 2, ""against"": ""Spearmen""}]",,,6,80,0,rattan-archer,Military,Archer;Unique Unit,Age of Empires II HD: Rise of the Rajas
Rhino,Gaia unit. Provides 400 food.,N/A,N/A,,N/A,2,0,0.8,4,75,0,0,7,0,0,,,,4,100,0,rhino,Gaia,None,Age of Kings
Royal Janissary,Turkish unique hand cannoneer with longer range and no minimum range. Strong vs. infantry. Weak vs. archers.,Imperial,Castle,"{""Food"": 60,""Gold"": 55}",17,3.45,0,0.96,10,55,0,8,22,2,0,,,,10,50,0,royal-janissary,Unbuildable,Archer;Gunpowder Unit;Unique Unit,Age of Kings
Saboteur,Cheat unit.,Dark,Town Center,,0,0,0,1.35,6,45,0,0,100,1,3,,,,-1,100,2.5,saboteur,Cheat,Ship (for some reason),Age of Kings
Samurai,Japanese unique infantry unit with fast attack. Strong vs. unique units and infantry. Weak vs. archers.,Castle,Castle,"{""Food"": 60,""Gold"": 30}",9,1.9,0,1,4,60,0,0,8,1,1,"[{""amount"": 2, ""against"": ""Eagles""}, {""amount"": 2, ""against"": ""Buildings""}, {""amount"": 10, ""against"": ""Unique Units""}]",,,4,100,0,samurai,Military,Infantry;Unique Unit,Age of Kings
Savar,Persian upgrade to the Cavalier (replacing Paladin),Imperial,Stable,"{""Food"": 60,""Gold"": 75}",30,1.8,0,1.35,5,145,0,0,14,3,4,"[{""amount"": 5, ""against"": ""Archers""}]",,,-1,100,0,savar,Military,Cavalry,The Mountain Royals
Scorpion,Anti-unit siege weapon. Fires bolts that pierce multiple units. Strong vs. large groups of units. Weak vs. cavalry and siege weapons.,Castle,Siege Workshop,"{""Wood"": 75,""Gold"": 75}",30,3.6,0.21,0.65,9,40,2,7,12,0,7,"[{""amount"": 2, ""against"": ""Buildings""}, {""amount"": 1, ""against"": ""Rams""}, {""amount"": 6, ""against"": ""War Elephant""}]",,,9,100,0,scorpion,Military,Siege Weapon,Age of Kings
Scout Cavalry,Fast cavalry for scouting and raiding. Resistant to conversion. Strong vs. Monks. Weak vs. Pikemen and Camel Riders.,Dark,Stable,"{""Food"": 80}",30,2,0,1.2,4,45,0,0,3,0,2,"[{""amount"": 6, ""against"": ""Monks""}]",,,4,100,0,scout-cavalry,Military,Cavalry,Age of Kings
Serjeant,Sicilian unique infantry unit which can construct Donjons.,Feudal,Castle;Donjon,"{""Food"": 50,""Gold"": 35}",12,2,0,0.9,3,65,0,0,8,3,3,"[{""amount"": 2, ""against"": ""Eagle Warrior""}, {""amount"": 2, ""against"": ""Standard Buildings""}]",,Can build and repair Donjons. Stats improve on each age up. Build/repair 25% slower in Feudal Age.,-1,100,0,serjeant,Military,Infantry;Unique Unit,Lords of the West
Sharkatzor,Cheat unit.,Dark,Town Center,,N/A,2.1,0,2,11,600,0,10,33,1,0,,,,-1,95,1,sharkatzor,Cheat,Siege Weapon,Rise of the Rajas
Sheep,Can be picked up by player and used to scout. Provides 100 food.,Dark,N/A,,0,0,0,0.7,3,7,0,0,0,0,0,,,,0,100,0,sheep,Gaia,None,Age of Kings
Shotel Warrior,Ethiopian unique infantry with high attack and fast training speed. Fast-moving. Strong vs. infantry. Weak vs. archers.,Castle,Castle,"{""Food"": 50,""Gold"": 35}",8,2,0,1.2,3,40,0,0,16,0,0,,,,3,100,0,shotel-warrior,Military,Infantry;Unique Unit,Definitive Edition
Shrivamsha Rider,Gurjara unique light cavalry unit which can dodge projectiles. Will not dodge splash damage. Strong vs. archers. Weak vs. Pikemen and Camel Riders.,Castle,Stable,"{""Food"": 70,""Gold"": 20}",20,1.75,0,1.6,5,55,0,0,8,0,1,,,"Can ""dodge"" five (seven for Elite) consecutive projectiles in a 20 second time frame",-1,100,0,shrivamsha-rider,Military,Cavalry;Unique Unit,Dynasties of India
Siege Elephant,A mounted siege unit with high HP.,Imperial,Siege Workshop,"{""Food"": 120,""Gold"": 95}",36,3,0,0.6,4,220,0,0,4,-2,150,"[{""amount"": 105, ""against"": ""Buildings""}, {""amount"": 35, ""against"": ""Siege Weapons""}]","[{""amount"": 10, ""against"": ""Cavalry""}, {""amount"": 20, ""against"": ""War Elephant""}]",Cannot be converted from distance,4,100,0,siege-elephant,Military,Cavalry;War Elephant;Siege Weapon;Ram,Dynasties of India
Siege Onager,"Ranged siege weapon with area of effect attack, but cannot attack enemies at close range. Strong vs. tight groups of units. Can attack ground and destroy trees.",Imperial,Siege Workshop,"{""Wood"": 160,""Gold"": 135}",46,6,0,0.6,10,70,3,8,75,0,8,"[{""amount"": 60, ""against"": ""Buildings""}, {""amount"": 12, ""against"": ""Siege""}]",,,10,100,1.5,siege-onager,Military,Siege Weapon,Age of Kings
Siege Ram,Anti-building siege weapon. Resistant to most ranged attacks. Garrisoned infantry increase speed and attack.,Imperial,Siege Workshop,"{""Wood"": 160,""Gold"": 75}",36,5,0,0.6,3,270,0,0,4,0,195,"[{""amount"": 200, ""against"": ""Buildings""}, {""amount"": 65, ""against"": ""Siege""}]","[{""amount"": -3, ""against"": ""Melee""}, {""amount"": 2, ""against"": ""Ram""}]",,3,100,2,siege-ram,Military,Siege Weapon;Ram,Age of Kings
Siege Tower,Anti-building siege weapon. Resistant to most ranged attacks. Garrisoned infantry increase speed and attack.,Castle,Siege Workshop,"{""Wood"": 200,""Gold"": 160}",36,4,0,0.6,8,220,1,6,6,0,100,,,,8,90,0,siege-tower,Military,Siege Weapon;Ram,Age of Kings
Skirmisher,Ranged anti-archer unit that cannot attack at close range. Strong vs. archers. Weak vs. units at close range.,Feudal,Archery Range,"{""Food"": 25,""Wood"": 35}",22,3,0.5,0.96,6,30,1,4,2,0,3,"[{""amount"": 3, ""against"": ""Archers""}, {""amount"": 3, ""against"": ""Hand Cannoneers""}, {""amount"": 3, ""against"": ""Conquistadors""}, {""amount"": 3, ""against"": ""Skirmishers""}, {""amount"": 3, ""against"": ""Spearmen""}]",,,6,90,0,skirmisher,Military,Archer,Age of Kings
Slinger,"Ranged unit. Strong vs. units at long range. Weak vs. Elite Skirmishers, Mangonels, and units at close range.",Castle,Archery Range,"{""Food"": 40,""Gold"": 40}",25,2,0,0.96,7,40,1,5,4,0,0,,,,7,90,0,slinger,Military,Archer;Unique Unit,Age of Empires II HD: The Forgotten
Spearman,"Anti-cavalry infantry unit. Strong vs. mounted units, especially elephants. Weak vs. archers and infantry.",Feudal,Barracks,"{""Food"": 35,""Wood"": 15}",22,3,0,1,4,45,0,0,3,0,0,"[{""amount"": 1, ""against"": ""Buildings""}, {""amount"": 1, ""against"": ""Eagles""}, {""amount"": 15, ""against"": ""Cavalry""}, {""amount"": 7, ""against"": ""Camels""}, {""amount"": 7, ""against"": ""Ships""}, {""amount"": 30, ""against"": ""War Elephants""}]",,,4,100,0,spearman,Military,Infantry;Spearman,Age of Kings
Steppe Lancer,Light cavalry unit with increased attack range. Strong in groups. Weak vs. Camel Riders and archers.,Castle,Stable,"{""Food"": 70,""Gold"": 45}",24,2.3,0,1.45,5,60,0,1,8,0,1,,,,4,100,0,steppe-lancer,Military,Cavalry,Definitive Edition
Tarkan,Hunnic unique cavalry unit with attack bonus vs. buildings. Strong vs. buildings and archers. Weak vs. Pikemen and Camel Riders.,Castle,Castle,"{""Food"": 60,""Gold"": 60}",14,2.1,0,1.35,5,100,0,0,8,1,3,"[{""amount"": 8, ""against"": ""Buildings""}, {""amount"": 10, ""against"": ""Castle""}, {""amount"": 12, ""against"": ""Stone Defenses""}, {""amount"": 8, ""against"": ""Walls""}, {""amount"": 8, ""against"": ""Gates""}]",,,5,100,0,tarkan,Military,Cavalry;Unique Unit,The Conquerors
Teutonic Knight,Teutonic unique infantry unit. Slow and powerful. Strong vs. melee units. Weak vs. archers and Scorpions.,Castle,Castle,"{""Food"": 85,""Gold"": 40}",12,2,0,0.7,3,80,0,0,12,5,2,"[{""amount"": 4, ""against"": ""Eagles""}, {""amount"": 4, ""against"": ""Buildings""}]",,,3,100,0,teutonic-knight,Military,Infantry;Unique Unit,Age of Kings
Thirisadai,"Massive warship that fires five arrows at once, and is only available in the Imperial Age",Imperial,Dock,"{""Wood"": 180,""Gold"": 60}",40,3.45,0,1.3,8,250,0,6,9,2,10,"[{""amount"": 9, ""against"": ""Buildings""}, {""amount"": 4, ""against"": ""Ram""}, {""amount"": 9, ""against"": ""Fishing Ships""}, {""amount"": 9, ""against"": ""Ships""}]",,,0,85,0,thirisadai,Navy,Ship;Turtle Ship;Unique Unit,Dynasties of India
Throwing Axeman,Frankish unique infantry unit with ranged melee attack. Strong vs. infantry. Weak vs. archers and siege weapons.,Castle,Castle,"{""Food"": 55,""Gold"": 25}",17,2,1.2,1,5,60,0,3,7,0,0,"[{""amount"": 1, ""against"": ""Eagles""}, {""amount"": 1, ""against"": ""Buildings""}]",,,5,100,0,throwing-axeman,Military,Infantry;Unique Unit,Age of Kings
Tiger,Hostile Gaia unit. Provides no food.,N/A,N/A,,N/A,2,0,0.7,12,25,0,0,3,0,0,,,,12,100,0,tiger,Gaia,None,Age of Kings
Trade Cart,Used to trade with other players by land. Carries goods from your Market to another player's Market and brings back gold. The farther the Market the higher your profit,Feudal,Market,"{""Wood"": 100,""Gold"": 50}",50,0,0,1,7,70,0,0,0,0,0,,,,6,100,0,trade-cart,Civilian,None,Age of Kings
Trade Cog,Movement rate 2.00 with caravan,Feudal,Dock,"{""Wood"": 100,""Gold"": 50}",36,0,0,1.32,6,80,0,0,0,0,6,,,,6,100,0,trade-cog,Civilian,None,Age of Kings
Transport Ship,"Used to move units across water. Select the units you want to transport, then right-click on the Transport Ship to board them. Use the Unload button to unload units on the shore.",Feudal,Dock,"{""Wood"": 125}",45,0,0,1.45,5,100,0,0,0,4,8,,,,5,100,0,transport-ship,Navy,Ship,Age of Kings
Trebuchet,Powerful siege weapon used to destroy buildings and walls from long distance. Cannot fire on close units. Must be packed to move and unpacked to attack. Can cut paths through forests. Unpack time: 0:11,Imperial,Castle,"{""Wood"": 200,""Gold"": 200}",50,10,0.6,0,18,150,4,16,200,1,150,"[{""amount"": 250, ""against"": ""Buildings""}]",,,18,15,0,trebuchet,Military,Siege Weapon;Ram,Age of Kings
Trebuchet (packed),Powerful siege weapon used to destroy buildings and walls from long distance. Cannot fire on close units. Must be packed to move and unpacked to attack. Can cut paths through forests. Unpack time: 0:11,Imperial,Castle,"{""Wood"": 200,""Gold"": 200}",50,0,0,0.8,18,150,0,0,0,2,8,"[{""amount"": 250, ""against"": ""Buildings""}]",,,18,15,0,trebuchet-packed,Military,Siege Weapon,Age of Kings
Turkey,Alternative to sheep. Provides 100 food.,Dark,N/A,,0,0,0,0.7,3,7,0,0,0,0,0,,,,3,100,0,turkey,Gaia,None,The Conquerors
Turtle Ship,Korean unique ship. Slow and ironclad. Strong vs. warships and buildings.,Castle,Dock,"{""Wood"": 200,""Gold"": 200}",50,6,0,0.9,8,200,0,6,50,6,5,,"[{""amount"": 8, ""against"": ""Ships""}]",,8,100,0.5,turtle-ship,Military,Ship;Turtle Ship;Gunpowder Unit;Unique Unit,The Conquerors
Two Handed Swordsman,All-purpose infantry unit. Strong vs. buildings and infantry. Weak vs. archers at long range.,Imperial,Barracks,"{""Food"": 60,""Gold"": 20}",21,2,0,0.9,5,60,0,0,12,0,1,"[{""amount"": 6, ""against"": ""Eagles""}, {""amount"": 3, ""against"": ""Buildings""}]",,,4,100,0,two-handed-swordsman,Military,Infantry,Age of Kings
Urumi Swordsman,"An infantry unit that charges its attack over a period of time, dealing increased damage on its first attack against an enemy unit, the charged attacks also do trample damage, but not regular attacks.",Castle,Castle,"{""Food"": 65,""Gold"": 20}",9,2,0,1.05,3,55,0,0,8,1,0,"[{""amount"": 2, ""against"": ""Eagles""}, {""amount"": 1, ""against"": ""Buildings""}]",,"Charges its attack by +12 (+15 Elite) over 24 (20 Elite) seconds, dealing a blast attack of 50% strength in 0.75 tiles radius",0,100,0,urumi-swordsman,Military,Infantry;Unique Unit,Dynasties of India
Villager,Gathers resources. Builds and repairs buildings. Also repairs ships and siege weapons.,Dark,Town Center,"{""Food"": 50}",25,2,0,0.8,4,25,0,0,3,0,0,,,,4,100,0,villager,Civilian,None,Age of Kings
VMDL,Cheat unit.,Dark,Town Center,,0,0,0,1,4,25,0,0,0,0,0,,,,-1,100,0,vmdl,Cheat,None,Age of Kings
War Elephant,Persian unique unit. Slow and powerful cavalry. Strong vs. buildings and units at close range. Weak vs. Monks.,Castle,Castle,"{""Food"": 200,""Gold"": 75}",31,2,0,0.8,7,450,0,0,15,1,2,"[{""amount"": 30, ""against"": ""Standard Buildings""}, {""amount"": 30, ""against"": ""Stone Buildings""}]",,,4,100,0.5,war-elephant,Military,Cavalry;War Elephant;Unique Unit,Age of Kings
War Galley,All-purpose warship with ranged attack. Weak vs. Fire Ships.,Castle,Dock,"{""Wood"": 90,""Gold"": 30}",36,3,0,1.43,8,135,0,6,7,0,6,"[{""amount"": 7, ""against"": ""Buildings""}, {""amount"": 7, ""against"": ""Camels""}, {""amount"": 4, ""against"": ""Rams""}, {""amount"": 7, ""against"": ""Ships""}]",,,8,100,0,war-galley,Navy,Ship,Age of Kings
Warrior Priest,The Warrior Priest is a unique infantry unit of the Armenians,Castle,Fortified Church,"{""Food"": 30,""Gold"": 60}",30,0,0,0.85,3,80,0,0,11,1,1,,,Heals units & Carries Relics,-1,100,0,warrior-priest,Military,Infantry;Monk;Unique Unit,The Mountain Royals
War Wagon,"Korean unique cavalry archer unit. Strong vs. infantry and archers. Weak vs. Pikemen, Skirmishers, and Camel Riders.",Castle,Castle,"{""Wood"": 200,""Gold"": 60}",25,2.5,1,1.2,7,150,0,4,9,0,3,"[{""amount"": 5, ""against"": ""Buildings""}]",,,6,100,0,war-wagon,Military,Archer;Cavalry Archer;Cavalry;Unique Unit,The Conquerors
Wild Boar,Wild boar. Provides 340 food.,Dark,N/A,,0,2,0,0.96,4,75,0,0,7,0,0,,,,4,100,0,wild-boar,Gaia,None,Age of Kings
Woad Raider,Celtic unique infantry unit. Fast-moving. Strong vs. infantry and siege weapons. Weak vs. archers and cavalry.,Castle,Castle,"{""Food"": 65,""Gold"": 25}",10,2,0,1.2,3,70,0,0,11,0,1,"[{""amount"": 2, ""against"": ""Eagles""}, {""amount"": 2, ""against"": ""Buildings""}]",,,3,100,0,woad-raider,Military,Infantry;Unique Unit,Age of Kings
Wolf,Wild wolf. Gives no food just kills people. Line of sight also depends on difficulty (4-12 LOS),Dark,N/A,,0,2,0,1.05,12,25,0,0,3,0,0,,,,4,100,0,wolf,Gaia,None,Age of Kings
Xolotl Warrior,Mesoamerican cavalry unit. Strong vs. infantry and siege. Weak vs. Pikemen and Camel Riders.,Castle,Stable,"{""Food"": 60,""Gold"": 75}",30,1.8,0,1.35,4,100,0,0,10,2,2,,,,4,100,0,xolotl-warrior,Military,Cavalry,Definitive Edition
Zebra,Gaia unit. Provides 140 food.,N/A,N/A,,N/A,0,0,0.737,2,5,0,0,0,0,0,,,,1,100,0,zebra,Gaia,None,Age of Kings